{
  "overall_sentiment_score": -0.277664,
  "semantic_coherence_score": 0.811103,
  "self_reference_density": 0.075388,
  "future_focus_ratio": 0.152573,
  "positive_emotion_ratio": 0.05661,
  "fear_word_frequency": 0.020899,
  "sadness_word_frequency": 0.018766,
  "negative_emotion_ratio": 0.11364,
  "uncertainty_word_frequency": 0.015442,
  "anger_word_frequency": 0.011136,
  "rumination_phrase_frequency": 0.036132,
  "filler_word_frequency": 0.17825,
  "topic_shift_frequency": 0.742109,
  "total_word_count": 381.0,
  "avg_sentence_length": 11.134937,
  "language_model_perplexity": 129.701744,
  "past_focus_ratio": 0.305773,
  "repetition_rate": 0.100095,
  "adjective_ratio": 0.066824,
  "topic_0": 0.298104,
  "topic_1": 0.513306,
  "topic_2": 0.024847,
  "topic_3": 0.110643,
  "topic_4": 0.053101,
  "emb_1": -0.102718,
  "emb_3": -0.945314,
  "emb_4": -0.880676,
  "emb_5": -1.080255,
  "emb_7": -1.284114,
  "emb_8": 1.158825,
  "emb_10": 1.00407,
  "emb_11": -0.827109,
  "emb_12": 1.572154,
  "emb_14": 0.567563,
  "emb_15": 0.01696,
  "emb_21": -0.615925,
  "emb_22": -1.951899,
  "emb_25": 0.637446,
  "emb_28": 0.57704,
  "emb_29": 0.01438,
  "emb_30": -2.41189,
  "language_hindi": 0.0,
  "language_marathi": 0.0
}
