{
  "overall_sentiment_score": 0.139346,
  "semantic_coherence_score": 0.518873,
  "self_reference_density": 0.043977,
  "future_focus_ratio": 0.111758,
  "positive_emotion_ratio": 0.035582,
  "fear_word_frequency": 0.09576,
  "topic_3": 0.251818,
  "sadness_word_frequency": 0.008347,
  "negative_emotion_ratio": 0.007531,
  "uncertainty_word_frequency": 0.097463,
  "anger_word_frequency": 0.001619,
  "rumination_phrase_frequency": 0.008868,
  "filler_word_frequency": 0.028803,
  "topic_shift_frequency": 0.956053,
  "total_word_count": 134.0,
  "topic_4": 0.324695,
  "topic_1": 0.13717,
  "avg_sentence_length": 10.557366,
  "topic_0": 0.123038,
  "topic_2": 0.163278,
  "language_model_perplexity": 43.43488,
  "past_focus_ratio": 0.195171,
  "emb_1": -0.395544,
  "emb_3": 0.548913,
  "repetition_rate": 0.037554,
  "emb_4": -1.858371,
  "emb_15": 0.8477,
  "adjective_ratio": 0.098503,
  "emb_11": -0.572057,
  "emb_10": -0.148103,
  "emb_8": 0.005804,
  "emb_21": 1.357689,
  "emb_7": 0.875377,
  "emb_14": -1.04009,
  "emb_22": -0.19149,
  "language_marathi": 0.0,
  "emb_29": 0.747104,
  "emb_30": 0.281456,
  "emb_28": 0.402636,
  "emb_12": -0.493156,
  "language_hindi": 1.0,
  "emb_5": -1.14154,
  "emb_25": -0.506536
}