{
  "overall_sentiment_score": 0.057875,
  "semantic_coherence_score": 0.523384,
  "self_reference_density": 0.062502,
  "future_focus_ratio": 0.078753,
  "positive_emotion_ratio": 0.053602,
  "fear_word_frequency": 0.004764,
  "topic_3": 0.000463,
  "sadness_word_frequency": 0.063668,
  "negative_emotion_ratio": 0.042014,
  "uncertainty_word_frequency": 0.057715,
  "anger_word_frequency": 0.020228,
  "rumination_phrase_frequency": 0.01194,
  "filler_word_frequency": 0.008466,
  "topic_shift_frequency": 0.460201,
  "total_word_count": 870.0,
  "topic_4": 0.008986,
  "topic_1": 0.110842,
  "avg_sentence_length": 17.97011,
  "topic_0": 0.860799,
  "topic_2": 0.018909,
  "language_model_perplexity": 37.564803,
  "past_focus_ratio": 0.288084,
  "emb_1": 2.061046,
  "emb_3": -0.779684,
  "repetition_rate": 0.112379,
  "emb_4": -0.629967,
  "emb_15": 0.1707,
  "adjective_ratio": 0.116624,
  "emb_11": 0.56755,
  "emb_10": -1.280605,
  "emb_8": -0.501636,
  "emb_21": 0.305783,
  "emb_7": -0.772456,
  "emb_14": 1.20191,
  "emb_22": -1.637558,
  "language_marathi": 0.0,
  "emb_29": 1.117547,
  "emb_30": 0.632602,
  "emb_28": -0.22174,
  "emb_12": 0.837447,
  "language_hindi": 0.0,
  "emb_5": 0.375933,
  "emb_25": -1.146425
}