{
  "overall_sentiment_score": -0.092881,
  "semantic_coherence_score": 0.461201,
  "self_reference_density": 0.090096,
  "future_focus_ratio": 0.125747,
  "positive_emotion_ratio": 0.024197,
  "fear_word_frequency": 0.005748,
  "topic_3": 0.480419,
  "sadness_word_frequency": 0.03583,
  "negative_emotion_ratio": 0.042827,
  "uncertainty_word_frequency": 0.045031,
  "anger_word_frequency": 0.041907,
  "rumination_phrase_frequency": 0.077119,
  "filler_word_frequency": 0.025412,
  "topic_shift_frequency": 1.0,
  "total_word_count": 278.0,
  "topic_4": 0.058373,
  "topic_1": 0.316735,
  "avg_sentence_length": 22.619589,
  "topic_0": 0.138671,
  "topic_2": 0.005803,
  "language_model_perplexity": 144.346086,
  "past_focus_ratio": 0.340117,
  "emb_1": -0.846988,
  "emb_3": -0.452793,
  "repetition_rate": 0.01991,
  "emb_4": -0.481952,
  "emb_15": 0.33513,
  "adjective_ratio": 0.110302,
  "emb_11": -1.569941,
  "emb_10": -0.074545,
  "emb_8": 0.831897,
  "emb_21": 2.221491,
  "emb_7": 1.951777,
  "emb_14": 0.012126,
  "emb_22": -1.276438,
  "language_marathi": 0.0,
  "emb_29": -0.345983,
  "emb_30": 0.224727,
  "emb_28": -1.009006,
  "emb_12": -0.435881,
  "language_hindi": 0.0,
  "emb_5": 0.894606,
  "emb_25": 0.269712
}