{
  "overall_sentiment_score": -0.04882,
  "semantic_coherence_score": 0.460025,
  "self_reference_density": 0.054427,
  "future_focus_ratio": 0.082772,
  "positive_emotion_ratio": 0.026315,
  "fear_word_frequency": 0.013642,
  "topic_3": 0.838634,
  "sadness_word_frequency": 0.025827,
  "negative_emotion_ratio": 0.036087,
  "uncertainty_word_frequency": 0.032308,
  "anger_word_frequency": 0.025047,
  "rumination_phrase_frequency": 0.007997,
  "filler_word_frequency": 0.060992,
  "topic_shift_frequency": 0.438712,
  "total_word_count": 509.0,
  "topic_4": 0.004185,
  "topic_1": 0.155706,
  "avg_sentence_length": 21.081472,
  "topic_0": 0.000786,
  "topic_2": 0.00069,
  "language_model_perplexity": 110.634051,
  "past_focus_ratio": 0.097561,
  "emb_1": 1.902659,
  "emb_3": -1.292462,
  "repetition_rate": 0.021567,
  "emb_4": 0.498313,
  "emb_15": -0.108093,
  "adjective_ratio": 0.109042,
  "emb_11": -0.485323,
  "emb_10": -0.162966,
  "emb_8": 2.502316,
  "emb_21": 1.831388,
  "emb_7": 1.042025,
  "emb_14": -0.069548,
  "emb_22": -0.217585,
  "language_marathi": 1.0,
  "emb_29": 1.089102,
  "emb_30": -0.679396,
  "emb_28": -0.785955,
  "emb_12": -1.26916,
  "language_hindi": 0.0,
  "emb_5": 1.31309,
  "emb_25": -0.813796
}