{
  "overall_sentiment_score": -0.03813,
  "semantic_coherence_score": 0.738601,
  "self_reference_density": 0.054866,
  "future_focus_ratio": 0.049548,
  "positive_emotion_ratio": 0.015901,
  "fear_word_frequency": 0.037628,
  "topic_3": 0.275415,
  "sadness_word_frequency": 0.077952,
  "negative_emotion_ratio": 0.02353,
  "uncertainty_word_frequency": 0.021554,
  "anger_word_frequency": 0.015396,
  "rumination_phrase_frequency": 0.088688,
  "filler_word_frequency": 0.01118,
  "topic_shift_frequency": 0.959583,
  "total_word_count": 183.0,
  "topic_4": 0.179137,
  "topic_1": 0.09231,
  "avg_sentence_length": 17.857122,
  "topic_0": 0.277421,
  "topic_2": 0.175717,
  "language_model_perplexity": 114.998086,
  "past_focus_ratio": 0.158105,
  "emb_1": -0.083665,
  "emb_3": 0.410227,
  "repetition_rate": 0.018768,
  "emb_4": 1.469835,
  "emb_15": 1.504452,
  "adjective_ratio": 0.104166,
  "emb_11": -1.601559,
  "emb_10": 0.59392,
  "emb_8": 0.424637,
  "emb_21": 1.148222,
  "emb_7": -2.811167,
  "emb_14": -1.123485,
  "emb_22": -0.301992,
  "language_marathi": 0.0,
  "emb_29": 1.339422,
  "emb_30": 1.426088,
  "emb_28": 0.157596,
  "emb_12": -1.463122,
  "language_hindi": 0.0,
  "emb_5": -1.336505,
  "emb_25": -1.289856
}