{
  "overall_sentiment_score": -0.661897,
  "semantic_coherence_score": 0.719905,
  "self_reference_density": 0.131512,
  "future_focus_ratio": 0.038614,
  "positive_emotion_ratio": 0.031549,
  "fear_word_frequency": 0.013311,
  "topic_3": 0.149766,
  "sadness_word_frequency": 0.010525,
  "negative_emotion_ratio": 0.190786,
  "uncertainty_word_frequency": 0.044785,
  "anger_word_frequency": 0.015604,
  "rumination_phrase_frequency": 0.047457,
  "filler_word_frequency": 0.044429,
  "topic_shift_frequency": 0.926127,
  "total_word_count": 268.0,
  "topic_4": 0.106973,
  "topic_1": 0.381978,
  "avg_sentence_length": 11.253906,
  "topic_0": 0.238364,
  "topic_2": 0.122919,
  "language_model_perplexity": 82.385416,
  "past_focus_ratio": 0.096783,
  "emb_1": -0.49958,
  "emb_3": 0.826618,
  "repetition_rate": 0.124931,
  "emb_4": 0.405171,
  "emb_15": -1.081052,
  "adjective_ratio": 0.086331,
  "emb_11": 1.12688,
  "emb_10": -0.865826,
  "emb_8": -0.071727,
  "emb_21": 0.125131,
  "emb_7": -0.174221,
  "emb_14": -1.053111,
  "emb_22": 0.330452,
  "language_marathi": 0.0,
  "emb_29": -0.552379,
  "emb_30": -1.721579,
  "emb_28": -1.337122,
  "emb_12": 0.503175,
  "language_hindi": 0.0,
  "emb_5": -0.911992,
  "emb_25": 0.510431
}