{
  "overall_sentiment_score": 0.225028,
  "semantic_coherence_score": 0.667043,
  "self_reference_density": 0.039601,
  "future_focus_ratio": 0.18657,
  "positive_emotion_ratio": 0.080145,
  "fear_word_frequency": 0.007452,
  "topic_3": 0.267321,
  "sadness_word_frequency": 0.020192,
  "negative_emotion_ratio": 0.034356,
  "uncertainty_word_frequency": 0.017807,
  "anger_word_frequency": 0.017082,
  "rumination_phrase_frequency": 0.000474,
  "filler_word_frequency": 0.041282,
  "topic_shift_frequency": 0.811007,
  "total_word_count": 179.0,
  "topic_4": 0.484598,
  "topic_1": 0.046375,
  "avg_sentence_length": 20.259704,
  "topic_0": 0.081798,
  "topic_2": 0.119907,
  "language_model_perplexity": 109.266404,
  "past_focus_ratio": 0.163602,
  "emb_1": -0.299189,
  "emb_3": -1.1181,
  "repetition_rate": 0.013349,
  "emb_4": 1.219938,
  "emb_15": 0.125232,
  "adjective_ratio": 0.071165,
  "emb_11": -0.386771,
  "emb_10": -1.272694,
  "emb_8": 0.351614,
  "emb_21": 0.665688,
  "emb_7": 0.097032,
  "emb_14": 0.015553,
  "emb_22": -0.717003,
  "language_marathi": 0.0,
  "emb_29": 0.01015,
  "emb_30": -0.37243,
  "emb_28": 1.892449,
  "emb_12": -0.2934,
  "language_hindi": 0.0,
  "emb_5": -2.134826,
  "emb_25": -0.346525
}