{
  "overall_sentiment_score": 0.124333,
  "semantic_coherence_score": 0.870818,
  "self_reference_density": 0.022452,
  "future_focus_ratio": 0.107216,
  "positive_emotion_ratio": 0.061617,
  "fear_word_frequency": 0.022578,
  "topic_3": 0.177254,
  "sadness_word_frequency": 0.010229,
  "negative_emotion_ratio": 0.036621,
  "uncertainty_word_frequency": 0.012667,
  "anger_word_frequency": 0.017506,
  "rumination_phrase_frequency": 0.004744,
  "filler_word_frequency": 0.018733,
  "topic_shift_frequency": 0.801988,
  "total_word_count": 563.0,
  "topic_4": 0.039576,
  "topic_1": 0.487493,
  "avg_sentence_length": 19.612096,
  "topic_0": 0.057545,
  "topic_2": 0.238132,
  "language_model_perplexity": 107.154139,
  "past_focus_ratio": 0.123823,
  "emb_1": 0.512626,
  "emb_3": -0.546277,
  "repetition_rate": 0.046453,
  "emb_4": -0.535088,
  "emb_15": 0.282762,
  "adjective_ratio": 0.089062,
  "emb_11": 0.739784,
  "emb_10": 1.936239,
  "emb_8": -0.355363,
  "emb_21": 0.936977,
  "emb_7": -0.394679,
  "emb_14": -0.436189,
  "emb_22": 1.247137,
  "language_marathi": 0.0,
  "emb_29": 0.107079,
  "emb_30": 0.527452,
  "emb_28": 0.226797,
  "emb_12": -0.464332,
  "language_hindi": 0.0,
  "emb_5": -1.197229,
  "emb_25": 0.524833
}