{
  "overall_sentiment_score": 0.110669,
  "semantic_coherence_score": 0.863814,
  "self_reference_density": 0.01628,
  "future_focus_ratio": 0.191631,
  "positive_emotion_ratio": 0.050679,
  "fear_word_frequency": 7.6e-05,
  "topic_3": 0.355057,
  "sadness_word_frequency": 0.010894,
  "negative_emotion_ratio": 0.028454,
  "uncertainty_word_frequency": 0.003433,
  "anger_word_frequency": 0.008396,
  "rumination_phrase_frequency": 0.006685,
  "filler_word_frequency": 0.012031,
  "topic_shift_frequency": 0.806382,
  "total_word_count": 607.0,
  "topic_4": 0.316725,
  "topic_1": 0.047531,
  "avg_sentence_length": 14.451161,
  "topic_0": 0.263517,
  "topic_2": 0.01717,
  "language_model_perplexity": 76.272343,
  "past_focus_ratio": 0.1656,
  "emb_1": 0.221354,
  "emb_3": 0.224624,
  "repetition_rate": 0.013012,
  "emb_4": 0.494668,
  "emb_15": 2.224536,
  "adjective_ratio": 0.111799,
  "emb_11": -0.702242,
  "emb_10": 1.600779,
  "emb_8": -0.464236,
  "emb_21": 1.228087,
  "emb_7": 0.791666,
  "emb_14": -1.025521,
  "emb_22": -0.41371,
  "language_marathi": 0.0,
  "emb_29": 0.157718,
  "emb_30": -1.949568,
  "emb_28": 1.21823,
  "emb_12": 0.331517,
  "language_hindi": 1.0,
  "emb_5": 0.461367,
  "emb_25": -0.390862
}