{
  "overall_sentiment_score": -0.128446,
  "semantic_coherence_score": 0.741975,
  "self_reference_density": 0.021707,
  "future_focus_ratio": 0.115915,
  "positive_emotion_ratio": 0.014595,
  "fear_word_frequency": 0.022979,
  "topic_3": 0.017353,
  "sadness_word_frequency": 0.00685,
  "negative_emotion_ratio": 0.040427,
  "uncertainty_word_frequency": 0.015928,
  "anger_word_frequency": 0.008458,
  "rumination_phrase_frequency": 0.008169,
  "filler_word_frequency": 0.006132,
  "topic_shift_frequency": 0.674023,
  "total_word_count": 244.0,
  "topic_4": 0.097754,
  "topic_1": 0.05463,
  "avg_sentence_length": 16.996528,
  "topic_0": 0.616206,
  "topic_2": 0.214057,
  "language_model_perplexity": 53.824818,
  "past_focus_ratio": 0.156987,
  "emb_1": 1.219616,
  "emb_3": 0.283592,
  "repetition_rate": 0.063342,
  "emb_4": 0.084986,
  "emb_15": -0.505372,
  "adjective_ratio": 0.087624,
  "emb_11": -0.161136,
  "emb_10": 0.471476,
  "emb_8": -0.491812,
  "emb_21": -1.355596,
  "emb_7": -2.213592,
  "emb_14": 0.939101,
  "emb_22": -0.254615,
  "language_marathi": 0.0,
  "emb_29": -0.993062,
  "emb_30": 0.91503,
  "emb_28": -2.039237,
  "emb_12": -0.143774,
  "language_hindi": 0.0,
  "emb_5": 0.808873,
  "emb_25": -2.265777
}