{
  "overall_sentiment_score": 0.14673,
  "semantic_coherence_score": 0.885521,
  "self_reference_density": 0.04621,
  "future_focus_ratio": 0.119271,
  "positive_emotion_ratio": 0.042993,
  "fear_word_frequency": 0.076356,
  "topic_3": 0.322382,
  "sadness_word_frequency": 0.031578,
  "negative_emotion_ratio": 0.013433,
  "uncertainty_word_frequency": 0.083416,
  "anger_word_frequency": 0.012847,
  "rumination_phrase_frequency": 0.0185,
  "filler_word_frequency": 0.027049,
  "topic_shift_frequency": 0.924581,
  "total_word_count": 494.0,
  "topic_4": 0.07061,
  "topic_1": 0.114483,
  "avg_sentence_length": 6.117603,
  "topic_0": 0.222121,
  "topic_2": 0.270404,
  "language_model_perplexity": 71.232562,
  "past_focus_ratio": 0.247096,
  "emb_1": -0.439197,
  "emb_3": -1.370093,
  "repetition_rate": 0.111644,
  "emb_4": 1.924334,
  "emb_15": 1.464931,
  "adjective_ratio": 0.066237,
  "emb_11": -0.948702,
  "emb_10": -0.532905,
  "emb_8": 1.072935,
  "emb_21": 1.051923,
  "emb_7": -0.292063,
  "emb_14": 0.747597,
  "emb_22": -0.163912,
  "language_marathi": 1.0,
  "emb_29": 1.260274,
  "emb_30": -0.582651,
  "emb_28": 0.080667,
  "emb_12": -1.139217,
  "language_hindi": 0.0,
  "emb_5": 0.332978,
  "emb_25": -0.837282
}