{
  "overall_sentiment_score": 0.008503,
  "semantic_coherence_score": 0.693881,
  "self_reference_density": 0.055462,
  "future_focus_ratio": 0.076206,
  "positive_emotion_ratio": 0.022786,
  "fear_word_frequency": 0.047042,
  "topic_3": 0.382006,
  "sadness_word_frequency": 0.051187,
  "negative_emotion_ratio": 0.021086,
  "uncertainty_word_frequency": 0.021604,
  "anger_word_frequency": 0.048206,
  "rumination_phrase_frequency": 0.006887,
  "filler_word_frequency": 0.012966,
  "topic_shift_frequency": 0.857809,
  "total_word_count": 525.0,
  "topic_4": 0.257172,
  "topic_1": 0.249555,
  "avg_sentence_length": 22.320097,
  "topic_0": 0.040604,
  "topic_2": 0.070663,
  "language_model_perplexity": 207.278498,
  "past_focus_ratio": 0.241784,
  "emb_1": -1.114792,
  "emb_3": 0.558806,
  "repetition_rate": 0.062172,
  "emb_4": -0.801759,
  "emb_15": 1.904274,
  "adjective_ratio": 0.070267,
  "emb_11": 0.131051,
  "emb_10": -0.875946,
  "emb_8": 0.211124,
  "emb_21": -0.939911,
  "emb_7": 0.587011,
  "emb_14": 0.746089,
  "emb_22": -2.062591,
  "language_marathi": 1.0,
  "emb_29": -1.62062,
  "emb_30": 1.443539,
  "emb_28": -0.1832,
  "emb_12": -1.105425,
  "language_hindi": 0.0,
  "emb_5": 1.058382,
  "emb_25": -0.334934
}