{
  "overall_sentiment_score": -0.200452,
  "semantic_coherence_score": 0.783988,
  "self_reference_density": 0.07206,
  "future_focus_ratio": 0.094521,
  "positive_emotion_ratio": 0.043269,
  "fear_word_frequency": 0.044486,
  "topic_3": 0.37145,
  "sadness_word_frequency": 0.019355,
  "negative_emotion_ratio": 0.083909,
  "uncertainty_word_frequency": 0.009395,
  "anger_word_frequency": 0.048326,
  "rumination_phrase_frequency": 0.047205,
  "filler_word_frequency": 0.03142,
  "topic_shift_frequency": 0.92542,
  "total_word_count": 323.0,
  "topic_4": 0.08673,
  "topic_1": 0.24765,
  "avg_sentence_length": 11.212581,
  "topic_0": 0.148342,
  "topic_2": 0.145828,
  "language_model_perplexity": 173.323147,
  "past_focus_ratio": 0.290723,
  "emb_1": -0.480274,
  "emb_3": 0.247839,
  "repetition_rate": 0.033888,
  "emb_4": -0.703986,
  "emb_15": 1.65282,
  "adjective_ratio": 0.09308,
  "emb_11": 0.585318,
  "emb_10": -0.980403,
  "emb_8": -0.595546,
  "emb_21": -1.454273,
  "emb_7": -0.667933,
  "emb_14": -0.186544,
  "emb_22": -1.107388,
  "language_marathi": 0.0,
  "emb_29": 1.226611,
  "emb_30": 0.157021,
  "emb_28": 0.368245,
  "emb_12": -0.683048,
  "language_hindi": 1.0,
  "emb_5": -1.355461,
  "emb_25": 1.889604
}