{
  "overall_sentiment_score": -0.070312,
  "semantic_coherence_score": 0.908358,
  "self_reference_density": 0.028049,
  "future_focus_ratio": 0.031161,
  "positive_emotion_ratio": 0.051909,
  "fear_word_frequency": 0.001256,
  "topic_3": 0.074215,
  "sadness_word_frequency": 0.025172,
  "negative_emotion_ratio": 0.065995,
  "uncertainty_word_frequency": 0.034679,
  "anger_word_frequency": 0.129644,
  "rumination_phrase_frequency": 0.018362,
  "filler_word_frequency": 0.045752,
  "topic_shift_frequency": 0.769359,
  "total_word_count": 427.0,
  "topic_4": 0.323588,
  "topic_1": 0.06258,
  "avg_sentence_length": 9.689668,
  "topic_0": 0.053228,
  "topic_2": 0.486389,
  "language_model_perplexity": 87.334368,
  "past_focus_ratio": 0.263553,
  "emb_1": -1.147082,
  "emb_3": 0.262682,
  "repetition_rate": 0.078838,
  "emb_4": -0.521519,
  "emb_15": -0.364373,
  "adjective_ratio": 0.122216,
  "emb_11": -2.296254,
  "emb_10": 1.10108,
  "emb_8": 1.567666,
  "emb_21": -0.257691,
  "emb_7": 2.140225,
  "emb_14": -1.149104,
  "emb_22": -2.726603,
  "language_marathi": 0.0,
  "emb_29": -0.674378,
  "emb_30": 1.022951,
  "emb_28": -0.048931,
  "emb_12": -0.843416,
  "language_hindi": 0.0,
  "emb_5": -0.794914,
  "emb_25": -0.886152
}