{
  "overall_sentiment_score": -0.841938,
  "semantic_coherence_score": 0.77209,
  "self_reference_density": 0.131078,
  "future_focus_ratio": 0.017706,
  "positive_emotion_ratio": 0.002558,
  "fear_word_frequency": 0.04384,
  "topic_3": 0.222808,
  "sadness_word_frequency": 0.062328,
  "negative_emotion_ratio": 0.073815,
  "uncertainty_word_frequency": 0.043332,
  "anger_word_frequency": 0.032412,
  "rumination_phrase_frequency": 0.03163,
  "filler_word_frequency": 0.031109,
  "topic_shift_frequency": 0.768688,
  "total_word_count": 237.0,
  "topic_4": 0.00429,
  "topic_1": 0.121392,
  "avg_sentence_length": 5.271222,
  "topic_0": 0.14398,
  "topic_2": 0.50753,
  "language_model_perplexity": 95.039556,
  "past_focus_ratio": 0.256613,
  "emb_1": -0.154093,
  "emb_3": -0.385694,
  "repetition_rate": 0.131266,
  "emb_4": -1.179547,
  "emb_15": 0.560778,
  "adjective_ratio": 0.105531,
  "emb_11": 0.909576,
  "emb_10": -0.216392,
  "emb_8": 0.771435,
  "emb_21": 1.339065,
  "emb_7": 1.486489,
  "emb_14": -0.207014,
  "emb_22": -1.020568,
  "language_marathi": 0.0,
  "emb_29": -1.059089,
  "emb_30": -0.841855,
  "emb_28": 1.000659,
  "emb_12": -0.133361,
  "language_hindi": 1.0,
  "emb_5": 0.025517,
  "emb_25": 1.675275
}