{
  "overall_sentiment_score": -1.0,
  "semantic_coherence_score": 0.784125,
  "self_reference_density": 0.069899,
  "future_focus_ratio": 0.007846,
  "positive_emotion_ratio": 0.000647,
  "fear_word_frequency": 0.007387,
  "topic_3": 0.355674,
  "sadness_word_frequency": 0.043275,
  "negative_emotion_ratio": 0.124059,
  "uncertainty_word_frequency": 0.046315,
  "anger_word_frequency": 0.029672,
  "rumination_phrase_frequency": 0.0231,
  "filler_word_frequency": 0.010202,
  "topic_shift_frequency": 0.926132,
  "total_word_count": 326.0,
  "topic_4": 0.2798,
  "topic_1": 0.121078,
  "avg_sentence_length": 9.301049,
  "topic_0": 0.136648,
  "topic_2": 0.1068,
  "language_model_perplexity": 73.842153,
  "past_focus_ratio": 0.124052,
  "emb_1": 0.529955,
  "emb_3": -1.568619,
  "repetition_rate": 0.031771,
  "emb_4": 1.658759,
  "emb_15": 0.45114,
  "adjective_ratio": 0.109493,
  "emb_11": -0.192871,
  "emb_10": 0.042095,
  "emb_8": 0.632181,
  "emb_21": -0.917671,
  "emb_7": -0.242528,
  "emb_14": 1.56886,
  "emb_22": -1.346708,
  "language_marathi": 0.0,
  "emb_29": -1.065777,
  "emb_30": -0.143114,
  "emb_28": 1.280089,
  "emb_12": -0.854857,
  "language_hindi": 0.0,
  "emb_5": 0.181168,
  "emb_25": 0.970598
}