{
  "overall_sentiment_score": 0.040511,
  "semantic_coherence_score": 0.83664,
  "self_reference_density": 0.04017,
  "future_focus_ratio": 0.077554,
  "positive_emotion_ratio": 0.044588,
  "fear_word_frequency": 0.060602,
  "topic_3": 0.166612,
  "sadness_word_frequency": 0.010886,
  "negative_emotion_ratio": 0.036482,
  "uncertainty_word_frequency": 0.116208,
  "anger_word_frequency": 0.011318,
  "rumination_phrase_frequency": 0.040448,
  "filler_word_frequency": 0.147485,
  "topic_shift_frequency": 0.728611,
  "total_word_count": 324.0,
  "topic_4": 0.099865,
  "topic_1": 0.041071,
  "avg_sentence_length": 18.109666,
  "topic_0": 0.60718,
  "topic_2": 0.085272,
  "language_model_perplexity": 77.902489,
  "past_focus_ratio": 0.355192,
  "emb_1": -1.233266,
  "emb_3": 1.488507,
  "repetition_rate": 0.010102,
  "emb_4": 0.553509,
  "emb_15": -0.478076,
  "adjective_ratio": 0.090108,
  "emb_11": 0.974603,
  "emb_10": 0.622173,
  "emb_8": 0.958803,
  "emb_21": 0.679906,
  "emb_7": -0.231809,
  "emb_14": 1.291181,
  "emb_22": 0.881818,
  "language_marathi": 0.0,
  "emb_29": 1.70775,
  "emb_30": -1.527006,
  "emb_28": 0.584072,
  "emb_12": -0.879096,
  "language_hindi": 0.0,
  "emb_5": -0.655143,
  "emb_25": -1.443278
}