{
  "overall_sentiment_score": -0.012157,
  "semantic_coherence_score": 0.710195,
  "self_reference_density": 0.03576,
  "future_focus_ratio": 0.139333,
  "positive_emotion_ratio": 0.026979,
  "fear_word_frequency": 0.093633,
  "topic_3": 0.112178,
  "sadness_word_frequency": 0.03443,
  "negative_emotion_ratio": 0.029411,
  "uncertainty_word_frequency": 0.041542,
  "anger_word_frequency": 0.056913,
  "rumination_phrase_frequency": 0.019219,
  "filler_word_frequency": 0.031425,
  "topic_shift_frequency": 0.833372,
  "total_word_count": 480.0,
  "topic_4": 0.332967,
  "topic_1": 0.370607,
  "avg_sentence_length": 16.27707,
  "topic_0": 0.169994,
  "topic_2": 0.014253,
  "language_model_perplexity": 97.651625,
  "past_focus_ratio": 0.167491,
  "emb_1": -0.986418,
  "emb_3": -1.713169,
  "repetition_rate": 0.068939,
  "emb_4": 1.352694,
  "emb_15": -0.677203,
  "adjective_ratio": 0.101211,
  "emb_11": 0.465187,
  "emb_10": -0.253215,
  "emb_8": -0.221615,
  "emb_21": -0.458122,
  "emb_7": -0.310538,
  "emb_14": 0.939807,
  "emb_22": 0.401522,
  "language_marathi": 0.0,
  "emb_29": 0.083478,
  "emb_30": 1.803296,
  "emb_28": 0.287258,
  "emb_12": 0.371342,
  "language_hindi": 1.0,
  "emb_5": 0.306421,
  "emb_25": 1.16728
}