{
  "overall_sentiment_score": 0.317717,
  "semantic_coherence_score": 0.941088,
  "self_reference_density": 0.087151,
  "future_focus_ratio": 0.114779,
  "positive_emotion_ratio": 0.071235,
  "fear_word_frequency": 0.128563,
  "topic_3": 0.184518,
  "sadness_word_frequency": 0.019793,
  "negative_emotion_ratio": 0.005413,
  "uncertainty_word_frequency": 0.056016,
  "anger_word_frequency": 0.021588,
  "rumination_phrase_frequency": 0.021691,
  "filler_word_frequency": 0.109427,
  "topic_shift_frequency": 0.853067,
  "total_word_count": 320.0,
  "topic_4": 0.103419,
  "topic_1": 0.108377,
  "avg_sentence_length": 14.107681,
  "topic_0": 0.497386,
  "topic_2": 0.106299,
  "language_model_perplexity": 108.45139,
  "past_focus_ratio": 0.264436,
  "emb_1": -0.153263,
  "emb_3": 0.448191,
  "repetition_rate": 0.082222,
  "emb_4": -1.056829,
  "emb_15": -1.24362,
  "adjective_ratio": 0.114254,
  "emb_11": 1.554485,
  "emb_10": 1.915606,
  "emb_8": -1.487414,
  "emb_21": 0.905194,
  "emb_7": -0.231308,
  "emb_14": 1.254412,
  "emb_22": -0.601251,
  "language_marathi": 0.0,
  "emb_29": 0.34907,
  "emb_30": 0.524732,
  "emb_28": -1.183269,
  "emb_12": -0.182364,
  "language_hindi": 1.0,
  "emb_5": 1.831878,
  "emb_25": 1.215024
}