{
  "overall_sentiment_score": 0.0791,
  "semantic_coherence_score": 0.554476,
  "self_reference_density": 0.074431,
  "future_focus_ratio": 0.124531,
  "positive_emotion_ratio": 0.023907,
  "fear_word_frequency": 0.00893,
  "topic_3": 0.366995,
  "sadness_word_frequency": 0.035488,
  "negative_emotion_ratio": 0.008054,
  "uncertainty_word_frequency": 0.035024,
  "anger_word_frequency": 0.002399,
  "rumination_phrase_frequency": 0.055072,
  "filler_word_frequency": 0.053612,
  "topic_shift_frequency": 0.721758,
  "total_word_count": 724.0,
  "topic_4": 0.607896,
  "topic_1": 0.021209,
  "avg_sentence_length": 15.693251,
  "topic_0": 0.003761,
  "topic_2": 0.000139,
  "language_model_perplexity": 98.881177,
  "past_focus_ratio": 0.284635,
  "emb_1": 0.981211,
  "emb_3": 0.405973,
  "repetition_rate": 0.044561,
  "emb_4": 0.814497,
  "emb_15": 0.123973,
  "adjective_ratio": 0.121015,
  "emb_11": -0.125048,
  "emb_10": -1.401104,
  "emb_8": -1.05803,
  "emb_21": 1.735166,
  "emb_7": -1.07921,
  "emb_14": -0.233577,
  "emb_22": -1.701479,
  "language_marathi": 0.0,
  "emb_29": -1.414439,
  "emb_30": 0.328782,
  "emb_28": 0.374788,
  "emb_12": 0.413608,
  "language_hindi": 0.0,
  "emb_5": -1.693844,
  "emb_25": -1.31076
}