{
  "overall_sentiment_score": 0.0173,
  "semantic_coherence_score": 0.56776,
  "self_reference_density": 0.031416,
  "future_focus_ratio": 0.089872,
  "positive_emotion_ratio": 0.078562,
  "fear_word_frequency": 0.027585,
  "topic_3": 0.105023,
  "sadness_word_frequency": 0.004703,
  "negative_emotion_ratio": 0.075102,
  "uncertainty_word_frequency": 0.048688,
  "anger_word_frequency": 0.018388,
  "rumination_phrase_frequency": 0.007927,
  "filler_word_frequency": 0.021029,
  "topic_shift_frequency": 0.848416,
  "total_word_count": 733.0,
  "topic_4": 0.000137,
  "topic_1": 0.06485,
  "avg_sentence_length": 11.876175,
  "topic_0": 0.118546,
  "topic_2": 0.711444,
  "language_model_perplexity": 48.387181,
  "past_focus_ratio": 0.160437,
  "emb_1": 2.201236,
  "emb_3": -1.349391,
  "repetition_rate": 0.075014,
  "emb_4": 0.039813,
  "emb_15": 0.809343,
  "adjective_ratio": 0.056177,
  "emb_11": 0.883851,
  "emb_10": -0.213318,
  "emb_8": -0.077723,
  "emb_21": -0.920131,
  "emb_7": -1.190972,
  "emb_14": -1.892726,
  "emb_22": -0.292541,
  "language_marathi": 1.0,
  "emb_29": -1.095669,
  "emb_30": -0.442735,
  "emb_28": -0.404541,
  "emb_12": -0.066704,
  "language_hindi": 0.0,
  "emb_5": 1.117717,
  "emb_25": 0.32064
}