{
  "overall_sentiment_score": -0.379846,
  "semantic_coherence_score": 0.649373,
  "self_reference_density": 0.106277,
  "future_focus_ratio": 0.029987,
  "positive_emotion_ratio": 0.004834,
  "fear_word_frequency": 0.01448,
  "topic_3": 0.133887,
  "sadness_word_frequency": 0.082979,
  "negative_emotion_ratio": 0.08481,
  "uncertainty_word_frequency": 0.069205,
  "anger_word_frequency": 0.015773,
  "rumination_phrase_frequency": 0.017351,
  "filler_word_frequency": 0.018828,
  "topic_shift_frequency": 0.741715,
  "total_word_count": 485.0,
  "topic_4": 0.469877,
  "topic_1": 0.072841,
  "avg_sentence_length": 8.584694,
  "topic_0": 0.002319,
  "topic_2": 0.321077,
  "language_model_perplexity": 32.690269,
  "past_focus_ratio": 0.257938,
  "emb_1": 0.758654,
  "emb_3": -0.413125,
  "repetition_rate": 0.060842,
  "emb_4": -0.296567,
  "emb_15": -0.121229,
  "adjective_ratio": 0.055363,
  "emb_11": -0.691978,
  "emb_10": -1.880434,
  "emb_8": -1.073484,
  "emb_21": -1.112087,
  "emb_7": 0.483554,
  "emb_14": 2.491847,
  "emb_22": 0.106247,
  "language_marathi": 0.0,
  "emb_29": -1.940089,
  "emb_30": 0.651304,
  "emb_28": 0.519981,
  "emb_12": 0.313462,
  "language_hindi": 0.0,
  "emb_5": 0.260242,
  "emb_25": 0.521974
}