{
  "overall_sentiment_score": -0.2693,
  "semantic_coherence_score": 0.807045,
  "self_reference_density": 0.111971,
  "future_focus_ratio": 0.025165,
  "positive_emotion_ratio": 0.03303,
  "fear_word_frequency": 0.024621,
  "topic_3": 0.00123,
  "sadness_word_frequency": 0.047792,
  "negative_emotion_ratio": 0.088252,
  "uncertainty_word_frequency": 0.031268,
  "anger_word_frequency": 0.038508,
  "rumination_phrase_frequency": 0.024364,
  "filler_word_frequency": 0.044703,
  "topic_shift_frequency": 0.793027,
  "total_word_count": 275.0,
  "topic_4": 0.163406,
  "topic_1": 0.460908,
  "avg_sentence_length": 12.844542,
  "topic_0": 0.234949,
  "topic_2": 0.139507,
  "language_model_perplexity": 52.337486,
  "past_focus_ratio": 0.282052,
  "emb_1": 1.47571,
  "emb_3": 0.339778,
  "repetition_rate": 0.094793,
  "emb_4": 0.542803,
  "emb_15": 0.145744,
  "adjective_ratio": 0.117412,
  "emb_11": -0.355756,
  "emb_10": 0.281683,
  "emb_8": 1.085121,
  "emb_21": -1.268848,
  "emb_7": 0.2121,
  "emb_14": -1.305339,
  "emb_22": 0.81962,
  "language_marathi": 0.0,
  "emb_29": 0.471533,
  "emb_30": 1.624094,
  "emb_28": 0.452906,
  "emb_12": 0.211064,
  "language_hindi": 0.0,
  "emb_5": 0.38759,
  "emb_25": -0.140937
}