{
  "overall_sentiment_score": -0.307555,
  "semantic_coherence_score": 0.672154,
  "self_reference_density": 0.118758,
  "future_focus_ratio": 0.055957,
  "positive_emotion_ratio": 0.023081,
  "fear_word_frequency": 0.033282,
  "topic_3": 0.182733,
  "sadness_word_frequency": 0.102122,
  "negative_emotion_ratio": 0.08665,
  "uncertainty_word_frequency": 0.036975,
  "anger_word_frequency": 0.011964,
  "rumination_phrase_frequency": 0.000901,
  "filler_word_frequency": 0.041169,
  "topic_shift_frequency": 0.875314,
  "total_word_count": 372.0,
  "topic_4": 0.156575,
  "topic_1": 0.12053,
  "avg_sentence_length": 12.320109,
  "topic_0": 0.463769,
  "topic_2": 0.076393,
  "language_model_perplexity": 24.94864,
  "past_focus_ratio": 0.220634,
  "emb_1": -1.506215,
  "emb_3": 1.018977,
  "repetition_rate": 0.073606,
  "emb_4": -0.416578,
  "emb_15": 0.195412,
  "adjective_ratio": 0.092757,
  "emb_11": -1.151729,
  "emb_10": -0.33908,
  "emb_8": 1.115664,
  "emb_21": -0.324169,
  "emb_7": -0.121194,
  "emb_14": -0.994015,
  "emb_22": -1.058556,
  "language_marathi": 0.0,
  "emb_29": 1.894071,
  "emb_30": -1.191331,
  "emb_28": 1.034602,
  "emb_12": 0.459842,
  "language_hindi": 1.0,
  "emb_5": -0.02016,
  "emb_25": 1.07287
}