{
  "overall_sentiment_score": 0.086763,
  "semantic_coherence_score": 0.850699,
  "self_reference_density": 0.044356,
  "future_focus_ratio": 0.236553,
  "positive_emotion_ratio": 0.045811,
  "fear_word_frequency": 0.009668,
  "topic_3": 0.208149,
  "sadness_word_frequency": 0.008073,
  "negative_emotion_ratio": 0.028414,
  "uncertainty_word_frequency": 0.027098,
  "anger_word_frequency": 0.023151,
  "rumination_phrase_frequency": 0.02714,
  "filler_word_frequency": 0.005179,
  "topic_shift_frequency": 0.740669,
  "total_word_count": 372.0,
  "topic_4": 0.007437,
  "topic_1": 0.032886,
  "avg_sentence_length": 11.270186,
  "topic_0": 0.459835,
  "topic_2": 0.291692,
  "language_model_perplexity": 58.539672,
  "past_focus_ratio": 0.024554,
  "emb_1": 0.276218,
  "emb_3": 1.090004,
  "repetition_rate": 0.015023,
  "emb_4": -1.792707,
  "emb_15": -1.161934,
  "adjective_ratio": 0.069285,
  "emb_11": -0.472944,
  "emb_10": -0.412741,
  "emb_8": -0.639651,
  "emb_21": 0.294416,
  "emb_7": -0.637746,
  "emb_14": -1.13791,
  "emb_22": 0.688055,
  "language_marathi": 0.0,
  "emb_29": 0.636895,
  "emb_30": -0.163102,
  "emb_28": -0.624947,
  "emb_12": -0.061809,
  "language_hindi": 1.0,
  "emb_5": 0.378141,
  "emb_25": 0.43889
}