{
  "overall_sentiment_score": 0.057852,
  "semantic_coherence_score": 0.720628,
  "self_reference_density": 0.028138,
  "future_focus_ratio": 0.093651,
  "positive_emotion_ratio": 0.035827,
  "fear_word_frequency": 0.072619,
  "topic_3": 0.495467,
  "sadness_word_frequency": 0.026509,
  "negative_emotion_ratio": 0.024244,
  "uncertainty_word_frequency": 0.093594,
  "anger_word_frequency": 0.01538,
  "rumination_phrase_frequency": 0.034018,
  "filler_word_frequency": 0.03283,
  "topic_shift_frequency": 0.721802,
  "total_word_count": 438.0,
  "topic_4": 0.072392,
  "topic_1": 0.019416,
  "avg_sentence_length": 15.583509,
  "topic_0": 0.066296,
  "topic_2": 0.34643,
  "language_model_perplexity": 84.975638,
  "past_focus_ratio": 0.069602,
  "emb_1": 0.910104,
  "emb_3": -0.964241,
  "repetition_rate": 0.078923,
  "emb_4": 0.293919,
  "emb_15": -0.602403,
  "adjective_ratio": 0.105197,
  "emb_11": -0.415892,
  "emb_10": -1.542237,
  "emb_8": 0.122023,
  "emb_21": -0.587595,
  "emb_7": -0.362138,
  "emb_14": -0.545953,
  "emb_22": 0.378681,
  "language_marathi": 0.0,
  "emb_29": 1.328938,
  "emb_30": -0.530466,
  "emb_28": -1.595575,
  "emb_12": 0.997245,
  "language_hindi": 1.0,
  "emb_5": -0.833955,
  "emb_25": -0.497983
}