{
  "overall_sentiment_score": -0.110623,
  "semantic_coherence_score": 0.732788,
  "self_reference_density": 0.059778,
  "future_focus_ratio": 0.034471,
  "positive_emotion_ratio": 0.056353,
  "fear_word_frequency": 0.097222,
  "topic_3": 0.433578,
  "sadness_word_frequency": 0.000255,
  "negative_emotion_ratio": 0.078569,
  "uncertainty_word_frequency": 0.046715,
  "anger_word_frequency": 0.017391,
  "rumination_phrase_frequency": 0.017738,
  "filler_word_frequency": 0.014102,
  "topic_shift_frequency": 0.807965,
  "total_word_count": 214.0,
  "topic_4": 0.043602,
  "topic_1": 0.03488,
  "avg_sentence_length": 6.528055,
  "topic_0": 0.212977,
  "topic_2": 0.274963,
  "language_model_perplexity": 67.766158,
  "past_focus_ratio": 0.367754,
  "emb_1": 0.706786,
  "emb_3": 1.373538,
  "repetition_rate": 0.013467,
  "emb_4": -0.609833,
  "emb_15": 0.028186,
  "adjective_ratio": 0.123298,
  "emb_11": -0.045005,
  "emb_10": 0.360552,
  "emb_8": 0.800068,
  "emb_21": -0.146569,
  "emb_7": 0.318893,
  "emb_14": 1.358163,
  "emb_22": 0.729392,
  "language_marathi": 1.0,
  "emb_29": 2.003188,
  "emb_30": 0.033836,
  "emb_28": -0.940067,
  "emb_12": -1.176851,
  "language_hindi": 0.0,
  "emb_5": -0.147984,
  "emb_25": 0.379473
}