{
  "overall_sentiment_score": 0.01824,
  "semantic_coherence_score": 0.706022,
  "self_reference_density": 0.03286,
  "future_focus_ratio": 0.063936,
  "positive_emotion_ratio": 0.050729,
  "fear_word_frequency": 0.01471,
  "topic_3": 0.443698,
  "sadness_word_frequency": 0.021763,
  "negative_emotion_ratio": 0.047081,
  "uncertainty_word_frequency": 0.090018,
  "anger_word_frequency": 0.031252,
  "rumination_phrase_frequency": 0.003227,
  "filler_word_frequency": 0.073714,
  "topic_shift_frequency": 0.753077,
  "total_word_count": 214.0,
  "topic_4": 0.019438,
  "topic_1": 0.210267,
  "avg_sentence_length": 14.522076,
  "topic_0": 0.304241,
  "topic_2": 0.022356,
  "language_model_perplexity": 45.195823,
  "past_focus_ratio": 0.234754,
  "emb_1": -0.535313,
  "emb_3": -1.42824,
  "repetition_rate": 0.125328,
  "emb_4": 0.28337,
  "emb_15": 1.239405,
  "adjective_ratio": 0.11712,
  "emb_11": 1.250947,
  "emb_10": 1.851897,
  "emb_8": -1.062486,
  "emb_21": 0.12753,
  "emb_7": 0.20478,
  "emb_14": 0.805742,
  "emb_22": 0.794423,
  "language_marathi": 0.0,
  "emb_29": 1.173284,
  "emb_30": -1.806588,
  "emb_28": -1.936798,
  "emb_12": -1.778887,
  "language_hindi": 1.0,
  "emb_5": -0.247504,
  "emb_25": 1.301713
}