{
  "overall_sentiment_score": 0.124487,
  "semantic_coherence_score": 0.789083,
  "self_reference_density": 0.057477,
  "future_focus_ratio": 0.129889,
  "positive_emotion_ratio": 0.048342,
  "fear_word_frequency": 0.156354,
  "topic_3": 0.516046,
  "sadness_word_frequency": 0.019025,
  "negative_emotion_ratio": 0.023315,
  "uncertainty_word_frequency": 0.145716,
  "anger_word_frequency": 3e-05,
  "rumination_phrase_frequency": 0.054363,
  "filler_word_frequency": 0.018789,
  "topic_shift_frequency": 0.727321,
  "total_word_count": 352.0,
  "topic_4": 0.326663,
  "topic_1": 0.053032,
  "avg_sentence_length": 12.373318,
  "topic_0": 0.053363,
  "topic_2": 0.050897,
  "language_model_perplexity": 73.489613,
  "past_focus_ratio": 0.252515,
  "emb_1": 0.347342,
  "emb_3": -0.532129,
  "repetition_rate": 0.058083,
  "emb_4": -0.508089,
  "emb_15": 2.944609,
  "adjective_ratio": 0.067282,
  "emb_11": -0.825706,
  "emb_10": -0.649366,
  "emb_8": 1.97744,
  "emb_21": -0.848307,
  "emb_7": 0.917955,
  "emb_14": -1.732298,
  "emb_22": 1.093331,
  "language_marathi": 1.0,
  "emb_29": -1.316111,
  "emb_30": -1.393789,
  "emb_28": 0.446344,
  "emb_12": 1.317252,
  "language_hindi": 0.0,
  "emb_5": 2.053339,
  "emb_25": 0.49076
}