{
  "overall_sentiment_score": -0.180774,
  "semantic_coherence_score": 0.72617,
  "self_reference_density": 0.054656,
  "future_focus_ratio": 0.198836,
  "positive_emotion_ratio": 0.03337,
  "fear_word_frequency": 0.045193,
  "topic_3": 0.269998,
  "sadness_word_frequency": 0.045905,
  "negative_emotion_ratio": 0.069926,
  "uncertainty_word_frequency": 0.004504,
  "anger_word_frequency": 0.074626,
  "rumination_phrase_frequency": 0.002831,
  "filler_word_frequency": 0.001145,
  "topic_shift_frequency": 0.83733,
  "total_word_count": 87.0,
  "topic_4": 0.027095,
  "topic_1": 0.06718,
  "avg_sentence_length": 22.750365,
  "topic_0": 0.383615,
  "topic_2": 0.252111,
  "language_model_perplexity": 110.363872,
  "past_focus_ratio": 0.261998,
  "emb_1": 1.336126,
  "emb_3": 0.030334,
  "repetition_rate": 0.079311,
  "emb_4": 0.945057,
  "emb_15": -0.52913,
  "adjective_ratio": 0.114682,
  "emb_11": -0.07593,
  "emb_10": 0.521464,
  "emb_8": -0.133608,
  "emb_21": -0.423147,
  "emb_7": -0.11941,
  "emb_14": 1.214682,
  "emb_22": 0.879255,
  "language_marathi": 0.0,
  "emb_29": 1.450246,
  "emb_30": -1.12315,
  "emb_28": -1.186733,
  "emb_12": -0.148404,
  "language_hindi": 1.0,
  "emb_5": 0.185752,
  "emb_25": -0.820201
}