{
  "overall_sentiment_score": 0.026747,
  "semantic_coherence_score": 0.660252,
  "self_reference_density": 0.084351,
  "future_focus_ratio": 0.071542,
  "positive_emotion_ratio": 0.052838,
  "fear_word_frequency": 0.020631,
  "topic_3": 0.246363,
  "sadness_word_frequency": 0.004368,
  "negative_emotion_ratio": 0.047488,
  "uncertainty_word_frequency": 0.034396,
  "anger_word_frequency": 0.075945,
  "rumination_phrase_frequency": 0.04377,
  "filler_word_frequency": 0.034237,
  "topic_shift_frequency": 0.917423,
  "total_word_count": 230.0,
  "topic_4": 0.374408,
  "topic_1": 0.15456,
  "avg_sentence_length": 7.984567,
  "topic_0": 0.154482,
  "topic_2": 0.070188,
  "language_model_perplexity": 105.754919,
  "past_focus_ratio": 0.29087,
  "emb_1": -1.022578,
  "emb_3": 1.620226,
  "repetition_rate": 0.104926,
  "emb_4": 0.616923,
  "emb_15": 0.778116,
  "adjective_ratio": 0.10245,
  "emb_11": -1.709517,
  "emb_10": -0.45154,
  "emb_8": 0.086024,
  "emb_21": 0.537363,
  "emb_7": -2.152077,
  "emb_14": 0.566362,
  "emb_22": -0.236108,
  "language_marathi": 0.0,
  "emb_29": 0.451605,
  "emb_30": -0.649411,
  "emb_28": 0.04554,
  "emb_12": -1.336604,
  "language_hindi": 0.0,
  "emb_5": -0.2276,
  "emb_25": -0.032998
}