{
  "overall_sentiment_score": -0.928454,
  "semantic_coherence_score": 0.761213,
  "self_reference_density": 0.070176,
  "future_focus_ratio": 0.018174,
  "positive_emotion_ratio": 0.017245,
  "fear_word_frequency": 0.029833,
  "topic_3": 0.022288,
  "sadness_word_frequency": 0.05574,
  "negative_emotion_ratio": 0.108845,
  "uncertainty_word_frequency": 0.01116,
  "anger_word_frequency": 0.019285,
  "rumination_phrase_frequency": 0.042969,
  "filler_word_frequency": 0.02553,
  "topic_shift_frequency": 0.570537,
  "total_word_count": 79.0,
  "topic_4": 0.252107,
  "topic_1": 0.657461,
  "avg_sentence_length": 9.419672,
  "topic_0": 0.058751,
  "topic_2": 0.009392,
  "language_model_perplexity": 53.769879,
  "past_focus_ratio": 0.24152,
  "emb_1": 0.535281,
  "emb_3": 2.770069,
  "repetition_rate": 0.07545,
  "emb_4": 0.565345,
  "emb_15": -1.654722,
  "adjective_ratio": 0.119678,
  "emb_11": 1.130753,
  "emb_10": -0.279707,
  "emb_8": 1.292686,
  "emb_21": 0.705052,
  "emb_7": 1.867965,
  "emb_14": 0.48385,
  "emb_22": -0.146574,
  "language_marathi": 0.0,
  "emb_29": 0.358675,
  "emb_30": 1.038757,
  "emb_28": -1.112812,
  "emb_12": -0.445111,
  "language_hindi": 0.0,
  "emb_5": 0.315855,
  "emb_25": 0.79528
}