{
  "overall_sentiment_score": -1.0,
  "semantic_coherence_score": 0.765933,
  "self_reference_density": 0.17246,
  "future_focus_ratio": 0.006764,
  "positive_emotion_ratio": 0.018841,
  "fear_word_frequency": 0.030651,
  "topic_3": 0.053891,
  "sadness_word_frequency": 0.212624,
  "negative_emotion_ratio": 0.159042,
  "uncertainty_word_frequency": 0.029392,
  "anger_word_frequency": 0.015518,
  "rumination_phrase_frequency": 0.023694,
  "filler_word_frequency": 0.028786,
  "topic_shift_frequency": 0.915505,
  "total_word_count": 233.0,
  "topic_4": 0.172496,
  "topic_1": 0.364146,
  "avg_sentence_length": 12.004281,
  "topic_0": 0.174802,
  "topic_2": 0.234665,
  "language_model_perplexity": 72.720075,
  "past_focus_ratio": 0.303051,
  "emb_1": 0.642342,
  "emb_3": 2.824446,
  "repetition_rate": 0.092673,
  "emb_4": -0.933907,
  "emb_15": -0.970693,
  "adjective_ratio": 0.082773,
  "emb_11": 0.294999,
  "emb_10": -0.165816,
  "emb_8": 2.071114,
  "emb_21": -0.10469,
  "emb_7": -0.743563,
  "emb_14": 1.120188,
  "emb_22": -0.565479,
  "language_marathi": 0.0,
  "emb_29": -2.110874,
  "emb_30": 1.181398,
  "emb_28": 1.016684,
  "emb_12": 0.898818,
  "language_hindi": 1.0,
  "emb_5": -0.561663,
  "emb_25": -1.356376
}