{
  "overall_sentiment_score": -0.934742,
  "semantic_coherence_score": 0.918043,
  "self_reference_density": 0.187328,
  "future_focus_ratio": 0.008018,
  "positive_emotion_ratio": 0.017688,
  "fear_word_frequency": 0.01648,
  "topic_3": 0.072471,
  "sadness_word_frequency": 0.085182,
  "negative_emotion_ratio": 0.110834,
  "uncertainty_word_frequency": 0.041612,
  "anger_word_frequency": 0.04679,
  "rumination_phrase_frequency": 0.046072,
  "filler_word_frequency": 0.028522,
  "topic_shift_frequency": 0.68287,
  "total_word_count": 452.0,
  "topic_4": 0.061366,
  "topic_1": 0.571886,
  "avg_sentence_length": 18.278029,
  "topic_0": 0.279699,
  "topic_2": 0.014577,
  "language_model_perplexity": 50.52421,
  "past_focus_ratio": 0.25708,
  "emb_1": 0.366311,
  "emb_3": 0.797418,
  "repetition_rate": 0.018858,
  "emb_4": 0.129913,
  "emb_15": -0.607481,
  "adjective_ratio": 0.116845,
  "emb_11": 0.309742,
  "emb_10": 0.047838,
  "emb_8": 1.11178,
  "emb_21": 0.337712,
  "emb_7": -2.042844,
  "emb_14": 0.04938,
  "emb_22": -1.360823,
  "language_marathi": 0.0,
  "emb_29": 0.212193,
  "emb_30": -1.305657,
  "emb_28": -1.267123,
  "emb_12": -2.583418,
  "language_hindi": 0.0,
  "emb_5": -0.841007,
  "emb_25": -1.828801
}